#Sample	unique_to_file_1	unique_to_file_1_snp	unique_to_file_1_indel	unique_to_file_2	unique_to_file_2_snp	unique_to_file_2_indel	both_missing	common_context	common_context_snp	common_context_indel	common_context_discordant_id	called_and_same	called_and_same_hom_ref	called_and_same_hom_var	called_and_same_het	called_but_discordant	called_but_discordant_hom1_het2	called_but_discordant_het1_hom2	called_but_discordant_hom1_hom2	called_but_discordant_het1_het2
B00G5XG	10504	4505	5734	23981	16272	7709	1501	591988	546072	43647	50373	588753	516071	27167	45515	3235	2008	512	376	339
B00G74M	10489	4499	5728	24000	16290	7710	1629	591856	545923	43661	50387	588452	515549	28428	44475	3404	2175	525	356	348
B00G5XF	10490	4484	5748	23971	16262	7709	1444	592069	546133	43664	50372	588666	516513	27171	44982	3403	2199	516	348	340
B00G74L	10502	4483	5754	24000	16298	7702	1663	591809	545887	43661	50367	588259	514262	27189	46808	3550	2204	603	378	365
B00G5XE	10457	4474	5725	24036	16292	7744	1658	591823	545927	43630	50355	588410	515014	27369	46027	3413	2201	489	374	349
B00G74K	10481	4511	5711	24074	16345	7729	1690	591729	545858	43607	50342	588225	515257	27913	45055	3504	2278	518	382	326
B00G5XD	10531	4521	5747	23939	16231	7708	1524	591980	546033	43683	50370	588447	515202	27295	45950	3533	2256	558	369	350
B00G74J	10510	4504	5751	24035	16313	7722	1355	592074	546132	43669	50390	588626	515695	27759	45172	3448	2137	562	376	373
B00G5XC	10507	4516	5731	24031	16306	7725	1532	591904	546016	43648	50356	588440	515030	27765	45645	3464	2245	504	372	343
B00G74Q	10502	4518	5718	23997	16306	7691	1657	591818	545900	43647	50387	588458	514718	27666	46074	3360	2163	482	380	335
B00G752	10490	4504	5723	24000	16302	7698	1526	591958	546031	43661	50390	588606	515445	27202	45959	3352	2122	567	362	301
B00G5XB	10513	4512	5738	24078	16349	7729	1375	592008	546104	43644	50378	588389	515010	27594	45785	3619	2322	545	377	375
B00G74P	10513	4499	5755	23969	16221	7748	1777	591715	545845	43609	50319	588283	514177	27209	46897	3432	2213	518	371	330
B00G751	10520	4499	5754	23957	16279	7678	1619	591878	545941	43663	50369	588570	514721	26910	46939	3308	2036	523	396	353
B00G5XA	10490	4509	5719	24019	16298	7721	1623	591842	545939	43627	50349	588318	514975	27675	45668	3524	2267	524	377	356
B00G74O	10511	4503	5748	24018	16304	7714	1561	591884	545939	43670	50385	588261	514560	27331	46370	3623	2352	569	360	342
B00G750	10539	4518	5757	24036	16312	7724	1593	591806	545886	43649	50371	588374	515305	27514	45555	3432	2122	611	379	320
B00G74N	10490	4501	5727	24009	16282	7727	1544	591931	546004	43656	50375	588601	515976	27361	45264	3330	2116	501	355	358
B00G74E	10545	4529	5753	24031	16320	7711	1434	591964	546050	43650	50375	588606	515547	27661	45398	3358	2113	574	350	321
B00G74D	10610	4559	5789	23971	16277	7694	1070	592323	546295	43742	50435	589085	515329	27138	46618	3238	1962	568	346	362
B00G74C	10484	4497	5733	24050	16330	7720	1302	592138	546218	43658	50380	588757	515890	27245	45622	3381	2078	595	352	356
B00G74B	10477	4488	5728	24013	16294	7719	1744	591740	545893	43597	50324	588306	516056	27814	44436	3434	2195	544	364	331
B00G74I	10496	4495	5737	24018	16307	7711	1523	591937	546060	43609	50360	588492	516057	27818	44617	3445	2219	537	373	316
B00G5WY	10533	4509	5764	24075	16319	7756	1470	591896	546031	43622	50338	588247	515918	27357	44972	3649	2421	521	388	319
B00G5WX	10470	4469	5741	23964	16255	7709	1557	591983	546084	43632	50381	588466	515185	27188	46093	3517	2323	487	360	347
B00G5X9	10514	4505	5747	24061	16325	7736	1470	591929	546011	43651	50376	588424	514620	27652	46152	3505	2306	514	354	331
B00G74G	10557	4528	5768	24039	16292	7747	1408	591970	546088	43626	50356	588474	515812	28308	44354	3496	2294	507	380	315
B00G5X8	10526	4507	5755	24082	16348	7734	1324	592042	546127	43650	50369	587741	513951	26447	47343	4301	2964	618	337	382
B00G74F	10507	4502	5742	24029	16297	7732	1442	591996	546123	43621	50363	588473	515768	27207	45498	3523	2281	527	385	330
B00G5X6	10505	4510	5737	24037	16299	7738	1342	592090	546160	43659	50396	588478	515028	27676	45774	3612	2305	590	372	345
B00G5X4	10473	4494	5719	24035	16289	7746	1632	591834	545960	43616	50362	588222	515119	27497	45606	3612	2391	476	415	330
B00G5X5	10474	4487	5718	23959	16269	7690	1655	591886	545969	43661	50339	588371	515524	27665	45182	3515	2258	518	393	346
B00G5WQ	10456	4486	5712	23992	16288	7704	1702	591824	545919	43640	50322	588252	514787	27950	45515	3572	2274	546	392	360
B00G5X2	10495	4496	5731	24004	16304	7700	1602	591873	545979	43636	50354	588229	515367	28021	44841	3644	2421	505	384	334
B00G5WR	10506	4512	5737	24026	16316	7710	1611	591831	545920	43647	50337	588484	515418	27869	45197	3347	2123	535	365	324
B00G5X3	10521	4507	5759	24003	16296	7707	1322	592128	546204	43652	50397	588509	514806	27044	46659	3619	2366	559	378	316
B00G5WO	10534	4518	5755	24096	16363	7733	1526	591818	545914	43649	50351	588243	514655	26777	46811	3575	2254	577	380	364
B00G5WP	10507	4522	5724	24009	16308	7701	1687	591771	545888	43628	50346	588330	515293	27181	45856	3441	2243	488	380	330
B00G755	10498	4519	5718	24018	16332	7686	1748	591710	545832	43619	50362	588318	514796	27109	46413	3392	2171	517	346	358
B00G5WN	10516	4521	5735	24034	16314	7720	1482	591942	546046	43640	50371	588419	514970	27120	46329	3523	2320	517	352	334
B00G756	10486	4499	5729	24027	16304	7723	1750	591711	545815	43631	50351	588214	514704	27431	46079	3497	2227	548	363	359
B00G5WK	10523	4513	5750	24026	16307	7719	1362	592063	546161	43639	50367	588440	515770	27293	45377	3623	2381	547	350	345
B00G74R	10497	4497	5741	23914	16201	7713	1676	591887	546004	43631	50333	588283	515696	27670	44917	3604	2260	571	389	384
B00G753	10478	4485	5726	24033	16316	7717	1613	591850	545953	43618	50385	588457	515826	27117	45514	3393	2186	510	355	342
B00G754	10542	4523	5760	23987	16285	7702	1685	591760	545860	43637	50365	588255	514814	26904	46537	3505	2251	525	373	356
B00G759	10469	4502	5707	24084	16355	7729	1572	591849	545946	43640	50379	588352	514643	27534	46175	3497	2258	515	376	348
B00G757	10483	4494	5727	23975	16281	7694	1759	591757	545859	43631	50375	588437	515716	27259	45462	3320	2134	486	354	346
B00G74W	10687	4606	5814	23921	16260	7661	890	592476	546358	43802	50501	589300	515790	27412	46098	3176	1784	670	328	394
B00G758	10495	4523	5712	23982	16268	7714	1712	591785	545872	43655	50367	588418	515530	27263	45625	3367	2210	469	351	337
B00G73J	10590	4541	5786	23992	16269	7723	1245	592147	546210	43669	50397	588721	515438	27468	45815	3426	2121	617	326	362
B00G73I	10525	4512	5753	23952	16238	7714	1470	592027	546083	43667	50384	588571	515324	27178	46069	3456	2207	525	347	377
B00G73K	10527	4505	5759	24054	16332	7722	1309	592084	546147	43679	50389	588544	514979	27234	46331	3540	2281	582	334	343
B00G73N	10545	4530	5747	24066	16332	7734	1350	592013	546094	43659	50382	588450	515406	27671	45373	3563	2281	571	372	339
B00G73P	10514	4507	5744	24006	16299	7707	1426	592028	546117	43652	50357	588801	516884	27493	44424	3227	2028	515	373	311
B00G741	10427	4468	5701	23981	16265	7716	1917	591649	545796	43596	50326	588054	514978	26127	46949	3595	2286	595	376	338
B00G73O	10473	4499	5719	24022	16304	7718	1472	592007	546124	43621	50387	588768	516419	27050	45299	3239	2098	489	348	304
B00G740	10425	4479	5688	23962	16281	7681	2131	591456	545635	43564	50298	588211	514898	26781	46532	3245	2032	517	361	335
B00G73B	10480	4476	5743	23983	16280	7703	1563	591948	546017	43665	50370	588342	514603	27397	46342	3606	2362	533	364	347
B00G5VZ	10516	4503	5751	24042	16305	7737	1416	592000	546092	43624	50364	588442	515115	27752	45575	3558	2282	551	376	349
B00G73A	10482	4508	5715	23963	16247	7716	1454	592075	546125	43668	50406	588706	515405	27865	45436	3369	2129	528	376	336
B00G5VW	10479	4491	5731	24042	16311	7731	1546	591907	546041	43608	50384	588444	514795	26962	46687	3463	2190	545	364	364
B00G73F	10516	4513	5746	24074	16318	7756	1392	591992	546135	43594	50376	588529	515513	27160	45856	3463	2292	468	350	353
B00G5VV	10503	4505	5736	23973	16274	7699	1553	591945	546024	43652	50373	588329	514396	27313	46620	3616	2267	587	384	378
B00G73E	10515	4511	5746	24122	16363	7759	1351	591986	546079	43646	50363	588415	515378	27913	45124	3571	2334	525	388	324
B00G73H	10524	4501	5756	23987	16281	7706	1287	592176	546244	43655	50412	588677	515764	27879	45034	3499	2248	567	355	329
B00G5VX	10528	4534	5728	23982	16257	7725	1496	591968	546043	43654	50381	588478	514734	27676	46068	3490	2264	501	365	360
B00G73G	10513	4503	5753	24103	16364	7739	1472	591886	545990	43631	50353	588297	515192	27947	45158	3589	2340	553	370	326
B00G5VR	10506	4500	5741	24077	16328	7749	1733	591658	545801	43596	50339	588142	514159	27209	46774	3516	2276	503	380	357
B00G5W3	10482	4496	5727	23967	16266	7701	1523	592002	546116	43618	50389	588655	515657	27280	45718	3347	2121	504	402	320
B00G73Y	10488	4480	5750	24003	16286	7717	1617	591866	545957	43638	50373	588461	515329	28089	45043	3405	2153	547	362	343
B00G5VS	10508	4512	5727	23957	16279	7678	1625	591884	545992	43631	50379	588434	514607	27137	46690	3450	2152	573	381	344
B00G5W4	10521	4510	5751	23947	16278	7669	1432	592074	546135	43666	50387	588678	514903	27583	46192	3396	2166	524	371	335
B00G73Z	10511	4523	5728	23989	16254	7735	1604	591870	545981	43619	50357	588452	515770	27472	45210	3418	2211	519	349	339
B00G5W5	10489	4493	5739	24027	16290	7737	1686	591772	545905	43617	50332	588360	515838	27603	44919	3412	2188	501	401	322
B00G5VU	10476	4480	5733	23987	16275	7712	1617	591894	545986	43632	50370	588378	515589	26379	46410	3516	2313	509	362	332
B00G5W6	10536	4507	5768	24034	16330	7704	1427	591977	546063	43646	50354	588484	514705	27180	46599	3493	2194	569	386	344
B00G5VN	10486	4504	5728	24076	16334	7742	1476	591936	546028	43633	50393	588333	514617	27425	46291	3603	2390	532	364	317
B00G5VO	10489	4494	5732	23989	16241	7748	1711	591785	545914	43601	50381	588221	513813	27217	47191	3564	2336	516	359	353
B00G5VP	10468	4481	5724	24107	16396	7711	1738	591661	545810	43615	50330	588155	514847	27535	45773	3506	2258	528	383	337
B00G74A	10468	4488	5721	24061	16315	7746	1665	591780	545905	43609	50343	588484	516292	27479	44713	3296	2133	477	360	326
B00G5VJ	10517	4507	5753	24057	16350	7707	1609	591791	545885	43641	50337	588194	514874	27398	45922	3597	2324	582	370	321
B00G742	10492	4517	5717	24045	16362	7683	1847	591590	545669	43650	50352	588224	513959	27265	47000	3366	2097	514	393	362
B00G5VK	10493	4503	5735	24093	16370	7723	1502	591886	546000	43631	50354	588359	514684	27793	45882	3527	2233	587	387	320
B00G73R	10495	4502	5734	24007	16273	7734	1524	591948	546055	43629	50376	588565	515702	28229	44634	3383	2178	491	388	326
B00G743	10489	4494	5733	23995	16292	7703	1616	591874	545968	43641	50357	588481	515684	26831	45966	3393	2048	598	389	358
B00G5VL	10485	4481	5748	24016	16305	7711	1469	592004	546100	43650	50359	588598	516042	27296	45260	3406	2245	463	365	333
B00G73S	10458	4494	5699	23994	16294	7700	1524	591998	546071	43646	50380	588609	515039	27102	46468	3389	2115	562	358	354
B00G744	10478	4489	5728	23972	16259	7713	1739	591785	545878	43636	50360	588502	515436	27213	45853	3283	2084	500	368	331
B00G5VM	10505	4498	5743	23989	16284	7705	1479	592001	546081	43644	50360	588422	515037	27510	45875	3579	2425	501	335	318
B00G73T	10502	4507	5736	24010	16310	7700	1712	591750	545850	43640	50315	588390	515621	27564	45205	3360	2151	499	388	322
B00G745	10462	4471	5733	24085	16349	7736	1755	591672	545808	43602	50339	588222	514543	26925	46754	3450	2238	504	371	337
B00G5VF	10578	4542	5775	23972	16263	7709	1166	592258	546258	43705	50444	588722	515019	27243	46460	3536	2249	536	392	359
B00G73U	10467	4497	5714	24043	16334	7709	1376	592088	546152	43669	50388	588681	515468	27223	45990	3407	2139	540	376	352
B00G746	10491	4507	5725	24061	16350	7711	1597	591825	545917	43638	50340	588404	515396	27100	45908	3421	2149	553	357	362
B00G5VG	10490	4493	5736	24001	16279	7722	1623	591860	545987	43618	50361	588378	515111	27274	45993	3482	2237	498	390	357
B00G747	10459	4482	5710	24036	16309	7727	1936	591543	545701	43583	50328	588154	515038	26958	46158	3389	2117	574	361	337
B00G5VH	10525	4515	5743	23951	16250	7701	1789	591709	545811	43631	50353	588239	514769	27541	45929	3470	2262	507	360	341
B00G73W	10499	4513	5724	24000	16266	7734	1578	591897	546006	43635	50371	588561	516399	28241	43921	3336	2149	497	357	333
B00G748	10491	4511	5721	23999	16300	7699	1828	591656	545792	43600	50301	588542	515921	26752	45869	3114	1963	496	337	318
B00G5VI	10457	4492	5703	24034	16308	7726	1744	591739	545858	43621	50326	588353	515093	27530	45730	3386	2138	516	375	357
B00G73X	10483	4494	5734	24029	16276	7753	1456	592006	546119	43621	50366	588615	515301	27688	45626	3391	2166	524	354	347
B00G749	10500	4500	5739	24020	16316	7704	1526	591928	545992	43657	50374	588434	514906	27024	46504	3494	2241	546	344	363
B00G5VA	10468	4493	5707	24062	16357	7705	1691	591753	545879	43616	50336	588158	514415	27169	46574	3595	2318	523	404	350
B00G5VD	10530	4535	5731	24041	16315	7726	1420	591983	546080	43637	50390	588440	515465	27680	45295	3543	2310	524	365	344
B00G5VC	10508	4511	5739	24021	16289	7732	1660	591785	545906	43619	50361	588206	514533	27144	46529	3579	2333	529	381	336
B00G5VB	10511	4511	5736	24001	16250	7751	1856	591606	545700	43643	50303	588060	515560	27169	45331	3546	2355	510	333	348
B00G5UX	10505	4502	5739	23979	16253	7726	1781	591709	545795	43656	50340	588102	515105	27179	45818	3607	2338	562	346	361
B00G5V9	10499	4496	5747	23922	16215	7707	1703	591850	545927	43656	50349	588478	515364	26671	46443	3372	2173	524	356	319
B00G5V8	10485	4499	5723	24007	16305	7702	1937	591545	545682	43601	50298	588232	515332	27622	45278	3313	2071	536	366	340
B00G5UV	10517	4521	5741	23923	16260	7663	1551	591983	546090	43633	50380	588622	515374	27374	45874	3361	2179	481	373	328
B00G5V7	10476	4488	5727	23976	16272	7704	1824	591698	545837	43600	50344	588283	515042	27009	46232	3415	2188	495	360	372
B00G5UU	10525	4519	5748	24064	16356	7708	1607	591778	545918	43600	50376	588205	515226	27714	45265	3573	2301	559	395	318
B00G5V6	10510	4491	5759	24061	16314	7747	1372	592031	546138	43618	50366	588600	515419	27437	45744	3431	2219	503	380	329
B00G5UZ	10479	4494	5728	23957	16271	7686	1778	591760	545854	43635	50317	588431	514888	27304	46239	3329	2117	534	343	335
B00G5UY	10517	4493	5761	24011	16286	7725	1573	591873	545963	43642	50330	588432	516045	27557	44830	3441	2262	514	357	308
B00G5UO	10523	4497	5762	24018	16302	7716	1355	592078	546159	43644	50362	588526	515655	27224	45647	3552	2344	518	351	339
B00G5V0	10429	4453	5716	24083	16376	7707	2110	591352	545532	43575	50284	587923	514318	26893	46712	3429	2257	484	346	342
B00G5UP	10449	4492	5698	23947	16240	7707	1632	591946	546048	43625	50369	588583	515790	27033	45760	3363	2155	522	357	329
B00G5V1	10520	4510	5745	23906	16224	7682	1865	591683	545770	43635	50344	588354	514804	27200	46350	3329	2091	499	398	341
B00G5V4	10471	4506	5706	24095	16378	7717	1586	591822	545940	43622	50362	588260	515421	27511	45328	3562	2288	524	391	359
B00G5UT	10562	4546	5761	24021	16316	7705	1107	592284	546276	43720	50435	588753	514811	27852	46090	3531	2094	664	393	380
B00G5V5	10483	4497	5732	23996	16271	7725	1791	591704	545823	43624	50330	588192	514860	26943	46389	3512	2234	557	363	358
B00G5UQ	10485	4495	5733	23965	16287	7678	1813	591711	545828	43618	50323	588165	515133	27111	45921	3546	2303	545	353	345
B00G5V2	10505	4518	5723	23897	16181	7716	1940	591632	545730	43647	50290	588217	515000	27777	45440	3415	2204	494	374	343
B00G5UR	10533	4516	5751	23954	16264	7690	1793	591694	545761	43663	50326	588128	513947	26975	47206	3566	2348	504	360	354
B00G5UL	10572	4527	5782	24063	16344	7719	1103	592236	546254	43707	50410	588797	514920	27635	46242	3439	2114	605	371	349
B00FWXD	10507	4495	5751	24015	16294	7721	1547	591905	545972	43654	50355	588330	514511	27302	46517	3575	2266	576	347	386
B00FWXC	10502	4509	5737	24013	16293	7720	1750	591709	545794	43652	50343	588273	514505	27463	46305	3436	2069	622	389	356
B00FWXB	10484	4488	5739	23995	16278	7717	1496	591999	546086	43645	50342	588516	515050	27542	45924	3483	2207	594	370	312
B00FWWW	10507	4503	5750	24013	16286	7727	1508	591946	546017	43665	50361	588629	514802	28278	45549	3317	2057	547	405	308
B00FWWV	10526	4505	5760	23990	16274	7716	1363	592095	546170	43655	50388	588579	515250	27389	45940	3516	2231	588	364	333
B00FWX7	10513	4512	5744	23992	16269	7723	1533	591936	546019	43656	50397	588491	515198	27769	45524	3445	2139	600	373	333
B00FWWU	10488	4508	5721	23984	16268	7716	2015	591487	545613	43610	50294	588048	515059	27401	45588	3439	2132	573	363	371
B00FWWT	10500	4500	5736	23976	16279	7697	1477	592021	546091	43668	50370	588672	515874	27304	45494	3349	2070	568	358	353
B00FWX5	10483	4483	5745	24031	16302	7729	1562	591898	546011	43623	50381	588500	514824	27594	46082	3398	2135	544	363	356
B00FWX9	10542	4522	5755	23992	16286	7706	1688	591752	545880	43609	50338	588355	515496	27044	45815	3397	2150	560	368	319
B00GG8V	10494	4514	5713	24044	16329	7715	1424	592012	546082	43672	50378	588697	516109	27868	44720	3315	2150	502	365	298
B00FWWN	10485	4496	5729	24065	16342	7723	1691	591733	545898	43579	50333	588395	515400	27091	45904	3338	2066	539	387	346
B00GG8W	10538	4535	5745	24076	16336	7740	1178	592182	546245	43670	50404	588958	516057	27194	45707	3224	2033	492	363	336
B00FWWO	10458	4491	5709	24052	16332	7720	2030	591434	545603	43572	50283	588080	515122	26962	45996	3354	2107	542	338	367
B00FWX0	10518	4504	5753	24004	16300	7704	1715	591737	545799	43659	50341	588538	515050	27122	46366	3199	1933	556	352	358
B00GG8X	10554	4516	5773	24006	16301	7705	1206	592208	546245	43689	50406	588916	515489	27808	45619	3292	2102	477	361	352
B00FWWL	10476	4486	5732	24008	16295	7713	1707	591783	545902	43637	50367	588440	514825	27118	46497	3343	2039	578	379	347
B00GG8Y	10518	4532	5722	24009	16306	7703	1398	592049	546103	43675	50385	588668	515604	28102	44962	3381	2077	554	405	345
B00FWWM	10496	4499	5736	24023	16274	7749	1607	591848	545955	43625	50350	588630	515573	27064	45993	3218	1987	526	378	327
B00GG8Z	10400	4452	5687	24811	16918	7893	1286	591477	545692	43546	50288	587181	514806	27076	45299	4296	2918	659	367	352
B00FWX4	10533	4519	5751	23991	16277	7714	1344	592106	546193	43645	50415	588807	515183	27537	46087	3299	2027	575	358	339
B00FWWP	10503	4494	5753	24011	16291	7720	1516	591944	546034	43652	50335	588471	515229	27506	45736	3473	2219	560	358	336
B00FWX1	10546	4531	5755	24021	16313	7708	1471	591936	545976	43689	50375	588449	515245	26825	46379	3487	2131	577	371	408
B00FWWQ	10493	4506	5723	23954	16262	7692	1715	591812	545884	43654	50353	588425	514814	26755	46856	3387	2054	556	378	399
B00FWX2	10509	4504	5738	24072	16341	7731	1492	591901	545983	43660	50371	588484	515217	27473	45794	3417	2143	588	347	339
B00FWWG	10513	4514	5741	24063	16343	7720	1552	591846	545917	43658	50336	588432	514062	27516	46854	3414	2111	583	344	376
B00FWWD	10486	4480	5749	23918	16242	7676	1707	591863	545928	43661	50369	588403	514974	27095	46334	3460	2122	601	355	382
B00FWWK	10501	4500	5741	24052	16310	7742	1553	591868	545957	43647	50389	588475	514668	27339	46468	3393	2071	587	365	370
B00FWWH	10506	4496	5745	24037	16325	7712	1541	591890	545946	43675	50360	588439	514628	27141	46670	3451	2098	622	367	364
B00FWWI	10534	4521	5757	23953	16245	7708	1505	591982	546042	43664	50404	588751	514600	26784	47367	3231	1969	541	373	348
B00GG8M	10487	4493	5732	24028	16276	7752	1644	591815	545915	43629	50352	588365	514598	27108	46659	3450	2250	527	337	336
B00GG8L	10587	4549	5770	23983	16276	7707	1305	592099	546124	43693	50403	588802	514539	27232	47031	3297	1990	580	359	368
B00GG8K	10514	4515	5738	24039	16291	7748	1565	591856	545980	43608	50382	588560	515139	28120	45301	3296	2112	498	353	333
B00FWYE	10437	4484	5702	24037	16299	7738	1887	591613	545760	43596	50321	588037	515045	27029	45963	3576	2305	582	348	341
B00GG8J	10514	4522	5737	24043	16316	7727	1483	591934	546013	43644	50382	588534	515664	27153	45717	3400	2150	562	357	331
B00GG8I	10505	4516	5720	23974	16275	7699	1622	591873	545926	43680	50377	588495	514454	27310	46731	3378	2124	528	361	365
B00GG8H	10518	4503	5756	23928	16213	7715	1468	592060	546105	43676	50410	588686	514740	27462	46484	3374	2104	582	332	356
B00GG8G	10558	4548	5745	24008	16313	7695	1559	591849	545930	43653	50382	588490	515206	27075	46209	3359	2160	512	371	316
B00FWYA	10497	4510	5724	24018	16291	7727	1476	591983	546067	43655	50386	588593	515621	27779	45193	3390	2137	552	378	323
B00GG8F	10504	4510	5736	24048	16310	7738	1564	591858	545940	43639	50385	588283	514770	26902	46611	3575	2346	516	386	327
B00GG8U	10473	4487	5725	24033	16297	7736	1576	591892	546009	43618	50356	588524	515553	27928	45043	3368	2167	504	396	301
B00FWXZ	10502	4510	5737	23975	16251	7724	1523	591974	546051	43666	50379	588711	515686	27557	45468	3263	2025	517	384	337
B00FWXY	10517	4518	5738	23933	16196	7737	1616	591908	545998	43636	50349	588511	515326	27218	45967	3397	2104	554	370	369
B00GG8S	10533	4516	5750	23994	16269	7725	1426	592021	546097	43650	50363	588865	516119	26761	45985	3156	2002	472	366	316
B00GG8R	10569	4547	5760	23991	16296	7695	1461	591953	546019	43662	50356	588666	515326	27432	45908	3287	2062	531	379	315
B00GG8Q	10524	4520	5742	23962	16260	7702	1426	592062	546101	43680	50384	588642	515271	27331	46040	3420	2130	597	343	350
B00FWXV	10524	4507	5761	23964	16255	7709	1564	591922	545985	43669	50398	588535	515361	27104	46070	3387	2091	535	359	402
B00GG8P	10472	4489	5725	24016	16305	7711	1661	591825	545929	43631	50371	588412	515187	27267	45958	3413	2166	548	370	329
B00FWXU	10485	4503	5717	23990	16295	7695	1844	591655	545775	43620	50318	588285	514765	27007	46513	3370	2072	570	361	367
B00FWY6	10512	4510	5747	23950	16212	7738	1684	591828	545937	43626	50369	588461	515003	27471	45987	3367	2170	496	372	329
B00GG8O	10501	4497	5742	23985	16265	7720	1594	591894	545963	43647	50378	588505	514648	27567	46290	3389	2148	527	383	331
B00FWXX	10540	4508	5766	23991	16274	7717	1332	592111	546178	43664	50395	588644	515323	27197	46124	3467	2110	611	380	366
B00GG8N	10492	4495	5737	24063	16315	7748	1542	591877	545996	43629	50378	588342	514160	27170	47012	3535	2294	518	378	345
B00FWXW	10525	4499	5765	24063	16316	7747	1422	591964	546054	43636	50355	588445	514484	28047	45914	3519	2196	592	386	345
B00FWXQ	10498	4495	5743	24058	16330	7728	1543	591875	545953	43648	50360	588353	514730	27057	46566	3522	2214	575	395	338
B00FWY2	10606	4561	5778	23909	16219	7690	1354	592105	546117	43699	50399	588913	515374	26563	46976	3192	1841	618	355	378
B00FWXR	10521	4500	5757	24064	16337	7727	1447	591942	546061	43630	50357	588572	515712	27372	45488	3370	2113	543	364	350
B00FWY3	10511	4525	5725	23964	16296	7668	1863	591636	545738	43636	50330	588294	515099	27157	46038	3342	2035	574	360	373
B00GG7Y	10510	4503	5747	23986	16267	7719	1678	591800	545912	43635	50372	588404	514938	26741	46725	3396	2120	554	377	345
B00FWXS	10586	4547	5777	24018	16326	7692	1158	592212	546215	43703	50403	589016	515520	27768	45728	3196	1907	571	365	353
B00FWY4	10533	4510	5764	23973	16263	7710	1588	591880	545979	43639	50371	588542	515331	27465	45746	3338	2062	525	373	378
B00GG7Z	10590	4547	5776	23985	16287	7698	1244	592155	546141	43720	50422	588887	515081	27487	46319	3268	1945	581	374	368
B00FWY5	10561	4544	5756	24138	16422	7716	1414	591861	545969	43631	50352	588157	515496	27453	45208	3704	2336	614	379	375
B00GG88	10530	4527	5734	23980	16280	7700	1491	591973	546018	43682	50396	588520	514927	27606	45987	3453	2253	489	363	348
B00GG7W	10536	4515	5754	24002	16314	7688	1463	591973	546045	43665	50373	588634	515057	27523	46054	3339	2070	577	358	334
B00FWXM	10547	4523	5769	23946	16257	7689	1337	592144	546155	43699	50408	588946	515233	26894	46819	3198	1946	532	369	351
B00GG89	10522	4530	5732	23935	16249	7686	1594	591923	545973	43668	50391	588633	514638	26692	47303	3290	2049	515	375	351
B00GG7X	10465	4495	5714	23983	16241	7742	1801	591725	545881	43588	50335	588198	514785	28206	45207	3527	2298	522	375	332
B00GG86	10511	4509	5738	24009	16309	7700	1299	592155	546218	43670	50408	588664	514761	27193	46710	3491	2218	547	364	362
B00GG7U	10470	4499	5711	23938	16242	7696	1669	591897	546002	43629	50343	588598	515102	28142	45354	3299	2128	491	349	331
B00FWXO	10505	4485	5757	23993	16291	7702	1557	591919	545991	43653	50391	588638	515145	27368	46125	3281	2041	538	356	346
B00FWY0	10508	4520	5727	24033	16330	7703	1696	591737	545830	43644	50332	588331	515768	27336	45227	3406	2142	540	374	350
B00GG87	10465	4488	5714	24010	16313	7697	1614	591885	545977	43650	50375	588510	515025	27637	45848	3375	2112	542	374	347
B00GG7V	10503	4507	5737	24048	16312	7736	1523	591900	545996	43638	50359	588514	514876	27544	46094	3386	2171	540	375	300
B00FWXP	10537	4515	5762	24003	16290	7713	1408	592026	546104	43666	50385	588557	514762	27564	46231	3469	2160	574	371	364
B00GG8D	10536	4526	5748	23937	16233	7704	1482	592019	546045	43689	50410	588825	515303	27387	46135	3194	1983	543	358	310
B00FWXI	10553	4523	5770	24010	16300	7710	1249	592162	546227	43671	50409	588646	515344	27285	46017	3516	2236	571	371	338
B00GG8E	10519	4516	5743	24019	16313	7706	1742	591694	545815	43630	50339	588400	515216	27021	46163	3294	2089	550	346	309
B00FWXJ	10513	4497	5750	23946	16237	7709	1860	591655	545796	43610	50327	588332	515441	27078	45813	3323	2109	556	348	310
B00GG8B	10521	4514	5757	24050	16344	7706	1395	592008	546086	43653	50406	588546	514567	26477	47502	3462	2207	568	345	342
B00FWXK	10483	4488	5735	24037	16327	7710	1876	591578	545715	43603	50293	588190	514333	27754	46103	3388	2103	584	359	342
B00GG8C	10497	4498	5737	24017	16306	7711	1537	591923	546017	43646	50364	588530	514732	27073	46725	3393	2146	534	384	329
B00FWXL	10464	4492	5711	24002	16299	7703	1768	591740	545832	43648	50372	588323	514459	26893	46971	3417	2139	586	370	322
B00FWXE	10491	4508	5724	24018	16289	7729	1621	591844	545937	43641	50354	588274	514637	27689	45948	3570	2239	567	393	371
B00GG8A	10473	4506	5709	24019	16302	7717	1680	591802	545945	43604	50365	588513	515367	27748	45398	3289	2114	489	375	311
B00FWXF	10512	4504	5747	24002	16278	7724	1421	592039	546129	43637	50379	588621	515761	27566	45294	3418	2135	563	370	350
B00FWXH	10510	4495	5758	23936	16245	7691	1538	591990	546061	43660	50376	588582	515007	26918	46657	3408	2131	557	367	353
B00GG7J	10517	4514	5745	23974	16241	7733	1573	591910	546026	43622	50343	588439	514571	27670	46198	3471	2256	500	381	334
B00FWZF	10410	4456	5700	24072	16320	7752	1993	591499	545666	43579	50329	588038	514672	27689	45677	3461	2186	583	346	346
B00G5XK	10487	4497	5735	23925	16204	7721	1770	591792	545928	43606	50333	588294	515204	27556	45534	3498	2269	515	357	357
B00GG7I	10499	4503	5735	24023	16286	7737	1590	591862	545997	43610	50346	588361	514958	27096	46307	3501	2274	506	374	347
B00FWZE	10522	4516	5744	24078	16335	7743	1542	591832	545912	43641	50370	588426	514362	27448	46616	3406	2055	582	409	360
B00G5XJ	10460	4469	5729	24111	16368	7743	1708	591695	545844	43597	50346	588233	516202	27392	44639	3462	2229	564	351	318
B00GG7L	10535	4536	5735	23983	16275	7708	1478	591978	546053	43656	50400	588559	514820	27526	46213	3419	2147	549	384	339
B00FWZD	10544	4537	5749	23975	16274	7701	1396	592059	546090	43698	50402	588672	514954	27671	46047	3387	2092	579	394	322
B00G5XI	10491	4482	5749	24037	16317	7720	1576	591870	545985	43632	50336	588491	514710	28242	45539	3379	2111	505	402	361
B00GG7K	10597	4546	5787	24001	16291	7710	998	592378	546342	43742	50463	589080	515254	27251	46575	3298	1941	587	380	390
B00G5XH	10482	4474	5745	24021	16295	7726	1653	591818	545945	43626	50351	588400	515911	27786	44703	3418	2210	499	374	335
B00GG7F	10493	4509	5722	24050	16311	7739	1455	591976	546078	43636	50370	588605	514737	27725	46143	3371	2201	474	406	290
B00FWZB	10546	4518	5768	24088	16324	7764	1460	591880	545978	43645	50365	588447	513957	26843	47647	3433	2149	550	363	371
B00G5XO	10383	4475	5650	24634	16782	7852	3613	589344	543952	43178	50054	585333	514178	27052	44103	4011	2806	507	342	356
B00G5Y0	10437	4468	5716	24152	16390	7762	1709	591676	545832	43580	50331	588128	514964	27045	46119	3548	2308	530	384	326
B00GG7E	10508	4502	5744	24034	16306	7728	1569	591863	545954	43649	50360	588501	515985	26544	45972	3362	2196	450	351	365
B00G5XN	10401	4466	5685	24516	16685	7831	2751	590306	544721	43347	50182	586417	513686	26803	45928	3889	2682	516	361	330
B00GG7H	10497	4506	5733	24045	16345	7700	1469	591963	546072	43639	50369	588423	515885	27615	44923	3540	2284	589	362	305
B00G5XM	10514	4514	5739	23973	16249	7724	1813	591674	545765	43634	50339	588314	515309	27479	45526	3360	2174	490	342	354
B00G5XL	10501	4516	5727	23983	16267	7716	1654	591836	545958	43618	50336	588255	514799	27764	45692	3581	2346	553	347	335
B00GG83	10514	4522	5730	23968	16258	7710	1748	591744	545828	43648	50364	588207	514251	27214	46742	3537	2287	525	401	324
B00GG7R	10547	4540	5745	24003	16293	7710	1436	591988	546056	43661	50373	588589	516103	28085	44401	3399	2221	491	364	323
B00G5Y4	10459	4480	5718	24058	16321	7737	1661	591796	545939	43607	50364	588289	516026	26849	45414	3507	2273	484	386	364
B00GG82	10495	4510	5729	24024	16285	7739	1629	591826	545919	43638	50380	588522	515229	27245	46048	3304	2045	541	377	341
B00GG7Q	10473	4482	5731	24006	16284	7722	1539	591956	546031	43643	50374	588534	514740	27683	46111	3422	2218	489	377	338
B00G5XR	10513	4520	5742	24000	16275	7725	1583	591878	545966	43651	50333	587338	514422	26829	46087	4540	3156	648	342	394
B00G5Y3	10513	4524	5729	23977	16273	7704	2053	591431	545555	43603	50287	587852	514555	26729	46568	3579	2325	553	338	363
B00GG7T	10457	4500	5699	23969	16267	7702	1708	591840	545935	43633	50401	588541	514938	26881	46722	3299	2076	520	358	345
B00G5XQ	10491	4510	5726	24084	16350	7734	1566	591833	545958	43619	50328	588247	514889	28227	45131	3586	2351	479	378	378
B00G5Y2	10409	4450	5700	23959	16256	7703	2116	591490	545680	43562	50298	588024	514514	27176	46334	3466	2306	481	374	305
B00GG84	10473	4505	5710	24102	16359	7743	1574	591825	545943	43622	50354	588363	514420	27685	46258	3462	2228	526	377	331
B00GG7S	10528	4509	5756	24034	16330	7704	1506	591906	545961	43674	50381	588623	514626	27657	46340	3283	2105	477	376	325
B00FWYZ	10447	4471	5717	24052	16308	7744	1867	591608	545739	43618	50330	588160	515036	27397	45727	3448	2213	547	355	333
B00G5XP	10486	4492	5740	24023	16300	7723	1580	591885	546007	43627	50333	588480	515302	27042	46136	3405	2167	535	342	361
B00G5Y1	10495	4499	5740	23949	16265	7684	2171	591359	545470	43627	50286	587810	514433	27136	46241	3549	2305	562	339	343
B00GG7N	10490	4485	5744	24093	16367	7726	1533	591858	545946	43647	50353	588483	515551	26694	46238	3375	2187	502	379	307
B00FWYY	10519	4511	5752	23991	16282	7709	1523	591941	545984	43675	50355	588372	515201	27338	45833	3569	2295	595	367	312
B00G5XW	10508	4512	5735	23937	16234	7703	1939	591590	545690	43642	50302	587720	514915	26429	46376	3870	2691	527	314	338
B00G5Y8	10495	4500	5730	24014	16289	7725	1771	591694	545806	43627	50321	588042	514395	26852	46795	3652	2370	567	339	376
B00GG7M	10575	4545	5763	24079	16355	7724	1153	592167	546199	43693	50422	588752	515428	27862	45462	3415	2155	555	344	361
B00FWYX	10494	4510	5728	23958	16245	7713	1918	591604	545707	43646	50334	588206	514877	27097	46232	3398	2152	547	359	340
B00G5XV	10487	4487	5741	24015	16295	7720	1499	591973	546086	43624	50370	588401	515212	27152	46037	3572	2351	506	386	329
B00GG81	10445	4477	5702	24045	16319	7726	1711	591773	545882	43630	50349	588256	513773	27331	47152	3517	2275	565	359	318
B00GG7P	10536	4517	5758	24048	16334	7714	1538	591852	545918	43656	50366	588497	514419	27257	46821	3355	2113	551	349	342
B00FWZ8	10486	4492	5728	23973	16245	7728	1777	591738	545822	43654	50361	588449	514891	27297	46261	3289	2010	564	364	351
B00G5XU	10485	4502	5726	24115	16364	7751	1768	591606	545775	43566	50339	587803	514256	28146	45401	3803	2488	567	408	340
B00G5Y6	10421	4470	5698	24061	16323	7738	1701	591791	545955	43595	50335	588435	515923	27567	44945	3356	2161	482	353	360
B00GG80	10531	4518	5756	23982	16265	7717	1452	592009	546067	43671	50409	588772	515291	27482	45999	3237	2031	541	338	327
B00GG7O	10555	4530	5762	24004	16288	7716	1154	592261	546284	43694	50405	588787	515458	27651	45678	3474	2219	530	364	361
B00FWZ7	10493	4492	5741	24018	16267	7751	1527	591936	546050	43626	50393	588575	515390	26467	46718	3361	2110	549	357	345
B00G5XT	10427	4464	5704	24126	16372	7754	1773	591648	545818	43564	50328	588113	515206	27105	45802	3535	2390	466	361	318
B00GG79	10524	4524	5744	24061	16332	7729	1282	592107	546188	43639	50385	588783	515439	27668	45676	3324	2119	504	352	349
B00GG6X	10479	4481	5738	24015	16290	7725	1516	591964	546069	43625	50384	588454	515631	27255	45568	3510	2305	532	374	299
B00FWYT	10534	4527	5745	24013	16292	7721	1700	591727	545837	43633	50340	588159	514857	27593	45709	3568	2255	592	353	368
B00GG6Y	10531	4511	5759	24062	16346	7716	1334	592047	546123	43664	50385	588529	515139	27866	45524	3518	2242	569	365	342
B00FWZ6	10494	4503	5728	23966	16276	7690	1954	591560	545679	43618	50292	588151	515433	27274	45444	3409	2148	532	356	373
B00GG6Z	10486	4504	5725	24046	16306	7740	1594	591848	545952	43628	50363	588451	515000	27366	46085	3397	2173	503	386	335
B00FWYR	10501	4505	5737	24015	16322	7693	1531	591927	545993	43654	50365	588137	514993	26210	46934	3790	2528	619	333	310
B00G5XX	10476	4497	5716	24005	16278	7727	2023	591470	545620	43597	50319	587971	513916	27224	46831	3499	2295	497	370	337
B00FWYS	10489	4490	5740	23998	16297	7701	1727	591760	545860	43636	50311	588345	514925	27508	45912	3415	2108	592	374	341
B00G5XY	10491	4490	5737	24037	16311	7726	1505	591941	546061	43613	50359	588555	516488	27165	44902	3386	2234	460	358	334
B00GG6T	10510	4519	5736	24028	16313	7715	1482	591954	546045	43645	50378	588623	515582	27456	45585	3331	2057	558	384	332
B00FWYP	10553	4543	5752	24024	16292	7732	1599	591798	545863	43666	50337	588413	515377	27426	45610	3385	2107	566	371	341
B00GG76	10486	4500	5721	23979	16277	7702	1613	591896	546003	43637	50364	588605	514729	27238	46638	3291	2106	523	355	307
B00GG6U	10524	4510	5757	24007	16298	7709	1220	592223	546243	43692	50416	588862	514927	27275	46660	3361	2113	546	343	359
B00FWYQ	10505	4488	5755	23993	16297	7696	1704	591772	545831	43656	50350	588428	515070	27437	45921	3344	2076	551	360	357
B00FWZ2	10479	4512	5706	23968	16268	7700	2035	591492	545605	43631	50317	587951	514772	26703	46476	3541	2317	520	353	351
B00GG77	10501	4490	5754	24018	16307	7711	1570	591885	545968	43659	50379	588523	515439	27621	45463	3362	2150	507	397	308
B00GG6V	10516	4521	5736	24155	16418	7737	1366	591937	546026	43642	50367	588364	515608	28020	44736	3573	2309	507	409	348
B00GG78	10483	4505	5721	24073	16321	7752	1426	591992	546115	43622	50385	588414	515619	27805	44990	3578	2323	564	354	337
B00GG6W	10485	4494	5725	24022	16289	7733	1601	591866	545982	43628	50370	588492	515006	27099	46387	3374	2200	508	371	295
B00FWYO	10512	4523	5734	23983	16250	7733	1580	591899	545981	43653	50357	588342	514523	27163	46656	3557	2242	558	379	378
B00GG7A	10481	4477	5747	24121	16337	7784	1648	591724	545890	43572	50328	588182	515087	26712	46383	3542	2363	507	354	318
B00G5YC	10452	4491	5706	23974	16264	7710	1872	591676	545800	43625	50328	588143	514736	26982	46425	3533	2307	510	380	336
B00GG7B	10479	4493	5724	24023	16307	7716	1664	591808	545947	43603	50363	588422	514705	27596	46121	3386	2183	503	358	342
B00FWYM	10508	4507	5741	23946	16228	7718	1588	591932	545984	43680	50375	588513	514631	27338	46544	3419	2169	566	347	337
B00G5YD	10451	4474	5716	23982	16259	7723	1726	591815	545954	43610	50322	588334	515524	26676	46134	3481	2320	510	333	318
B00GG7C	10469	4496	5718	24013	16297	7716	1512	591980	546034	43663	50402	588617	515389	27213	46015	3363	2137	535	337	354
B00G5YA	10457	4502	5701	24010	16301	7709	2237	591270	545408	43606	50282	587707	514609	27191	45907	3563	2330	544	355	334
B00GG7D	10540	4516	5755	24079	16383	7696	1250	592105	546136	43675	50420	588754	514980	27530	46244	3351	2142	517	364	328
B00G5YB	10451	4481	5713	24004	16280	7724	2033	591486	545655	43582	50307	587975	514135	27350	46490	3511	2325	504	349	333
B00FWYI	10526	4529	5737	23909	16219	7690	1853	591686	545731	43674	50323	588285	514739	27214	46332	3401	2053	605	382	361
B00FWYF	10509	4495	5751	23974	16269	7705	1960	591531	545634	43628	50301	588212	515285	26654	46273	3319	2077	535	359	348
B00FWYG	10457	4498	5706	24068	16344	7724	2347	591102	545302	43550	50262	587711	514759	27720	45232	3391	2194	493	380	324
B00G5YF	10399	4470	5674	23986	16278	7708	2613	590976	545186	43542	50197	587483	514940	26919	45624	3493	2262	564	350	317
B00FWZW	10581	4533	5779	23926	16246	7680	1114	592353	546321	43739	50409	589086	515846	27092	46148	3267	1972	599	326	370
B00GG70	10524	4489	5768	23965	16279	7686	1302	592183	546234	43675	50401	588899	515663	27330	45906	3284	2082	509	361	332
B00GG6L	10509	4515	5732	23977	16270	7707	1582	591906	545989	43647	50348	588676	516857	27540	44279	3230	2068	455	389	318
B00GG6M	10516	4515	5741	24041	16302	7739	1231	592186	546269	43652	50397	588722	515665	27538	45519	3464	2192	579	345	348
B00GG6R	10452	4489	5704	24036	16289	7747	1676	591810	545940	43622	50351	588303	515060	27621	45622	3507	2285	493	389	340
B00GG6S	10503	4503	5734	23976	16278	7698	1595	591900	545964	43670	50405	588565	515176	27291	46098	3335	2145	477	357	356
B00GG71	10535	4526	5748	24027	16319	7708	1319	592093	546126	43694	50424	588620	515434	27183	46003	3473	2219	575	340	339
B00GG72	10542	4515	5766	24101	16363	7738	1173	592158	546236	43653	50406	588753	515811	27501	45441	3405	2224	498	336	347
B00GG6F	10466	4483	5723	24047	16331	7716	1521	591940	546052	43631	50339	588426	514795	28046	45585	3514	2273	527	379	335
B00GG6G	10512	4505	5746	24031	16289	7742	1563	591868	545969	43630	50368	588480	515288	27145	46047	3388	2155	555	361	317
B00GG6E	10551	4537	5752	24025	16295	7730	1228	592170	546220	43681	50407	588766	516453	27949	44364	3404	2109	546	395	354
B00GG6J	10505	4500	5750	24069	16350	7719	1347	592053	546117	43657	50404	588653	515050	27102	46501	3400	2121	569	358	352
B00GG6K	10483	4496	5730	24083	16341	7742	1547	591861	545985	43623	50350	588391	514858	27159	46374	3470	2237	545	359	329
B00GG6H	10491	4506	5724	24020	16331	7689	1590	591873	545954	43652	50383	588377	514740	27395	46242	3496	2221	559	389	327
B00FWZI	10427	4462	5705	23901	16196	7705	2152	591494	545637	43603	50295	588077	514739	27269	46069	3417	2219	496	368	334
B00FWZL	10505	4504	5741	24004	16280	7724	1534	591931	546027	43632	50379	588431	514819	27035	46577	3500	2192	606	328	374
B00GG6C	10495	4498	5738	23952	16216	7736	1553	591974	546099	43613	50372	588619	515671	27138	45810	3355	2149	506	380	320
B00FWZK	10494	4504	5728	24097	16383	7714	1626	591757	545812	43668	50339	588299	515013	27151	46135	3458	2130	574	360	394
B00GG6B	10469	4506	5707	24057	16332	7725	1490	591958	546073	43617	50365	588291	514796	27546	45949	3667	2428	588	364	287
B00GG6A	10517	4517	5736	23964	16277	7687	1535	591958	546040	43646	50387	588596	514887	27351	46358	3362	2076	576	368	342
B00FWZM	10485	4489	5739	24057	16338	7719	1492	591940	546041	43641	50379	588502	515971	27299	45232	3438	2127	582	368	361
B00GG5V	10460	4492	5713	24049	16325	7724	1582	591883	546004	43634	50363	588580	515552	27408	45620	3303	2080	534	359	330
B00GG67	10481	4489	5731	24097	16365	7732	1487	591909	546000	43650	50355	588621	515294	28096	45231	3288	2054	515	371	348
B00GG65	10496	4517	5719	24042	16322	7720	1672	591764	545875	43634	50345	588478	514804	27554	46120	3286	2021	547	384	334
B00GG5S	10501	4502	5739	24103	16370	7733	1382	591988	546089	43627	50372	588528	514999	28116	45413	3460	2198	553	385	324
B00GG64	10476	4490	5730	24016	16292	7724	1583	591899	546001	43638	50341	588312	515119	27414	45779	3587	2306	575	348	358
B00GG5Y	10472	4479	5734	24058	16337	7721	1666	591778	545887	43624	50364	588329	514948	27498	45883	3449	2207	526	359	357
B00FWZU	10555	4520	5768	23982	16290	7692	1405	592032	546032	43704	50412	588848	515000	27152	46696	3184	1904	583	358	339
B00GG5K	10534	4515	5760	24011	16287	7724	1251	592178	546254	43644	50390	588673	514779	27554	46340	3505	2179	598	420	308
B00GG5L	10566	4529	5775	24037	16308	7729	1218	592153	546195	43675	50431	588898	515812	27975	45111	3255	2040	519	357	339
B00GG5M	10483	4497	5725	24036	16325	7711	1481	591974	546045	43660	50397	588621	514745	26980	46896	3353	2103	567	352	331
B00GG60	10460	4478	5722	23962	16235	7727	1711	591841	545947	43624	50333	588457	514986	27385	46086	3384	2178	455	398	353
B00GG5P	10540	4513	5762	24043	16324	7719	1233	592158	546238	43644	50406	588730	515994	27557	45179	3428	2153	543	386	346
B00GG5I	10522	4508	5759	24016	16292	7724	1346	592090	546150	43653	50410	588678	514872	26717	47089	3412	2119	607	330	356
B00GG5J	10526	4514	5751	24014	16316	7698	1529	591905	545984	43652	50382	588403	514552	26957	46894	3502	2281	522	360	339
B00G7JD	10547	4532	5756	24038	16325	7713	1388	592001	546101	43635	50363	588598	515822	27631	45145	3403	2220	481	366	336
B00G7JE	10530	4526	5737	24000	16301	7699	1310	592134	546188	43679	50397	588564	515352	27431	45781	3570	2203	576	423	368
B00G7JF	10559	4536	5761	24048	16326	7722	1340	592027	546088	43664	50378	588573	514896	27909	45768	3454	2234	546	362	312
B00G7JG	10550	4518	5771	24006	16270	7736	1423	591995	546047	43674	50365	588554	515502	26899	46153	3441	2237	516	379	309
B00G7JI	10493	4513	5719	23896	16229	7667	2012	591573	545670	43642	50300	588269	514609	27403	46257	3304	2033	554	357	360
B00G7JH	10490	4487	5744	23953	16245	7708	1912	591619	545732	43626	50322	588072	514993	27288	45791	3547	2381	460	359	347
B00G7JK	10500	4501	5736	23950	16243	7707	1791	591733	545820	43646	50353	588324	515289	27339	45696	3409	2229	472	378	330
B00G7JJ	10503	4521	5726	24009	16303	7706	1459	592003	546038	43684	50371	588422	514999	27161	46262	3581	2298	558	372	353
B00G7JM	10542	4527	5750	23985	16277	7708	1555	591892	545965	43674	50357	588474	515856	26584	46034	3418	2206	540	344	328
B00G7JL	10518	4507	5751	24012	16256	7756	1546	591898	545985	43649	50369	588293	515692	27029	45572	3605	2399	503	356	347
B00G7JO	10491	4504	5727	24003	16267	7736	1750	591730	545812	43648	50329	588347	515206	26771	46370	3383	2212	443	375	353
B00G7K0	10536	4527	5751	24048	16315	7733	1407	591983	546032	43682	50373	588419	514407	27254	46758	3564	2258	574	396	336
B00G7JN	10503	4503	5738	23988	16288	7700	1756	591727	545809	43651	50326	588271	514421	27147	46703	3456	2205	555	356	340
B00G7JQ	10427	4483	5683	23977	16258	7719	2246	591324	545456	43610	50255	587838	514441	27175	46222	3486	2185	570	392	339
B00G7K2	10599	4548	5788	23962	16281	7681	1464	591949	545954	43710	50398	588627	514878	27420	46329	3322	2035	579	371	337
B00G7JP	10454	4468	5722	23993	16260	7733	1950	591577	545675	43629	50311	588114	514979	27118	46017	3463	2320	449	361	333
B00G7K1	10497	4501	5736	23972	16273	7699	1654	591851	545948	43651	50315	588391	514447	28017	45927	3460	2194	546	379	341
B00G7JS	10554	4528	5760	23979	16266	7713	1356	592085	546124	43687	50384	588927	516257	27782	44888	3158	1963	531	335	329
B00G7K4	10511	4509	5742	24004	16272	7732	1754	591705	545823	43622	50317	588109	514364	27152	46593	3596	2324	543	390	339
B00G7JR	10518	4518	5737	23972	16270	7702	1670	591814	545906	43645	50353	588335	514311	27172	46852	3479	2175	586	360	358
B00G7K3	10448	4479	5713	24047	16310	7737	1812	591667	545798	43620	50347	588238	515159	27542	45537	3429	2244	508	342	335
B00G7JU	10539	4519	5761	24019	16324	7695	1329	592087	546102	43704	50409	588810	514972	27211	46627	3277	1956	573	388	360
B00G7K6	10437	4480	5691	24013	16289	7724	2027	591497	545620	43612	50280	587949	514336	27584	46029	3548	2230	606	364	348
B00G7JT	10491	4518	5721	24030	16327	7703	1616	591837	545932	43649	50351	588435	515184	27622	45629	3402	2158	529	370	345
B00G7K5	10454	4476	5721	23981	16264	7717	1943	591596	545706	43626	50300	588004	514665	27480	45859	3592	2318	543	368	363
B00G7JW	10471	4480	5733	23970	16278	7692	1962	591571	545678	43635	50318	588097	515288	27616	45193	3474	2268	473	388	345
B00G7JV	10470	4491	5719	24040	16303	7737	1818	591646	545772	43609	50351	588173	514438	27182	46553	3473	2274	504	337	358
B00G7JZ	10510	4520	5727	24058	16320	7738	1684	591722	545843	43618	50328	588215	515401	27277	45537	3507	2257	523	380	347
B00G7JX	10453	4476	5718	23996	16279	7717	1951	591574	545742	43580	50308	588274	515753	26789	45732	3300	2148	436	368	348
B00G7K9	10537	4519	5755	23985	16276	7709	1531	591921	545971	43675	50379	588494	514522	26416	47556	3427	2148	560	364	355
B00G7JY	10476	4490	5727	24005	16304	7701	1814	591679	545786	43628	50304	588297	514472	28219	45606	3382	2115	542	352	373
B00G7KC	10531	4507	5757	24010	16306	7704	1454	591979	546026	43676	50399	588629	515297	27315	46017	3350	2127	497	383	343
B00G7KD	10515	4520	5741	23994	16317	7677	1397	592068	546088	43706	50370	588587	515382	27634	45571	3481	2215	546	369	351
B00G7KA	10555	4521	5768	24045	16305	7740	1253	592121	546171	43673	50396	588769	516393	27175	45201	3352	2160	489	353	350
B00G7KB	10506	4507	5738	24032	16294	7738	1329	592107	546175	43672	50376	588747	514535	27770	46442	3360	2093	529	369	369
B00G7KG	10544	4504	5777	23975	16262	7713	1263	592192	546248	43678	50405	588716	515541	27602	45573	3476	2263	512	384	317
B00G7KH	10557	4530	5770	24026	16280	7746	1434	591957	546035	43658	50370	588576	516444	28316	43816	3381	2130	561	381	309
B00G7KE	10523	4515	5753	24003	16298	7705	1367	592081	546140	43676	50364	588489	515139	27717	45633	3592	2350	538	358	346
B00G7KF	10537	4527	5747	23962	16245	7717	1440	592035	546073	43694	50409	588665	514080	26710	47875	3370	2137	516	366	351
B00G7KL	10464	4494	5711	23964	16265	7699	1784	591762	545841	43650	50362	588471	514718	27315	46438	3291	2043	531	369	348
B00G7KK	10531	4522	5748	24030	16313	7717	1298	592115	546182	43668	50405	588950	516166	27376	45408	3165	1979	460	375	351
B00G7KJ	10498	4510	5730	23989	16268	7721	1468	592019	546092	43661	50377	588479	515369	27890	45220	3540	2277	540	366	357
B00G7KI	10549	4520	5767	24055	16334	7721	1450	591920	545972	43671	50368	588433	514897	27566	45970	3487	2250	542	348	347
B00G7L1	10511	4504	5746	23982	16267	7715	1530	591951	545997	43679	50386	588509	514434	27457	46618	3442	2188	559	346	349
B00G7KO	10553	4531	5769	23961	16242	7719	1480	591980	546020	43675	50404	588629	515811	26760	46058	3351	2135	547	339	330
B00G7L0	10511	4516	5741	24063	16343	7720	1492	591908	546025	43627	50368	588588	515828	27611	45149	3320	2129	492	371	328
B00G7KN	10501	4506	5736	24028	16283	7745	1453	591992	546084	43644	50371	588638	515028	27752	45858	3354	2177	507	360	310
B00G7KM	10527	4532	5732	23946	16228	7718	1612	591889	545980	43650	50368	588437	515095	27236	46106	3452	2270	490	355	337
B00G7KT	10523	4518	5740	23950	16221	7729	1733	591768	545847	43641	50359	588372	515246	27531	45595	3396	2170	515	383	328
B00G7L5	10547	4519	5762	24020	16300	7720	1169	592238	546260	43701	50415	588750	515772	27268	45710	3488	2166	582	351	389
B00G7KS	10543	4529	5748	23949	16264	7685	1389	592093	546102	43702	50417	588659	515562	27338	45759	3434	2176	541	334	383
B00G7L4	10548	4526	5768	24047	16312	7735	1210	592169	546224	43685	50397	588895	515293	27705	45897	3274	2021	539	365	349
B00G7KR	10519	4516	5740	24018	16294	7724	1492	591945	546025	43661	50374	588465	514167	27559	46739	3480	2283	512	383	302
B00G7L3	10515	4511	5744	24054	16304	7750	1438	591967	546047	43661	50358	588578	514971	27535	46072	3389	2159	519	369	342
B00G7L2	10544	4528	5750	24068	16328	7740	1216	592146	546183	43689	50405	588599	515298	27738	45563	3547	2301	520	362	364
B00G7KX	10494	4507	5732	23939	16225	7714	1646	591895	545975	43650	50380	588460	514528	27177	46755	3435	2170	563	349	353
B00G7L9	10535	4528	5746	23961	16259	7702	1586	591892	545971	43643	50382	588467	514743	27475	46249	3425	2189	531	362	343
B00G7KW	10487	4506	5717	23921	16222	7699	1702	591864	545952	43647	50361	588486	515686	27550	45250	3378	2212	469	378	319
B00G7L8	10496	4481	5754	23891	16191	7700	1716	591871	545913	43684	50376	588601	515256	27415	45930	3270	2037	508	360	365
B00G7KV	10514	4521	5734	24069	16339	7730	1495	591896	545942	43682	50375	588497	514907	27221	46369	3399	2152	545	327	375
B00G7L7	10527	4510	5752	24009	16295	7714	1484	591954	546019	43670	50390	588551	515721	27032	45798	3403	2181	528	357	337
B00G7KU	10561	4540	5761	23950	16239	7711	1502	591961	545992	43685	50393	588506	514871	28063	45572	3455	2200	544	379	332
B00G7L6	10500	4508	5731	23949	16247	7702	1643	591882	545940	43668	50355	588372	514723	27664	45985	3510	2286	527	359	338
B00G7LX	10491	4495	5735	23997	16303	7694	1889	591597	545700	43638	50290	588138	515025	27116	45997	3459	2166	588	393	312
B00G7LV	10472	4497	5718	24023	16292	7731	1627	591852	545916	43663	50346	588465	515096	27111	46258	3387	2189	499	354	345
B00G7LW	10486	4493	5732	23979	16283	7696	1831	591678	545777	43631	50333	588299	514853	27142	46304	3379	2089	584	393	313
B00G7LT	10521	4507	5756	24079	16344	7735	1413	591961	546042	43658	50341	588597	515398	27569	45630	3364	2142	543	363	316
B00G7LU	10470	4502	5711	23940	16223	7717	1896	591668	545762	43639	50333	588315	515246	26818	46251	3353	2190	486	344	333
B00G7LR	10507	4502	5742	24019	16294	7725	1475	591973	546044	43658	50394	588746	516565	27274	44907	3227	2098	486	329	314
B00G7LS	10445	4481	5706	24054	16293	7761	1861	591614	545757	43587	50332	588150	514839	27212	46099	3464	2325	492	328	319
B00G7LP	10502	4498	5742	24038	16286	7752	1817	591617	545746	43605	50316	588312	514612	27804	45896	3305	2069	528	369	339
B00G7LQ	10417	4452	5707	24005	16277	7728	1718	591834	545944	43622	50364	588281	515617	27163	45501	3553	2415	484	343	311
B00G7LN	10475	4496	5718	24019	16287	7732	1467	592013	546101	43635	50362	588613	515207	27029	46377	3400	2173	524	352	351
B00G7LO	10486	4487	5739	23994	16274	7720	1526	591968	546062	43640	50358	588590	515646	27908	45036	3378	2140	537	353	348
B00G7LL	10496	4502	5735	23955	16265	7690	1551	591972	546031	43661	50361	588627	515140	27301	46186	3345	2160	529	337	319
B00G7LM	10495	4491	5744	23942	16210	7732	1770	591767	545881	43624	50329	588461	515432	27381	45648	3306	2096	509	359	342
B00G7LJ	10486	4490	5728	23984	16256	7728	1660	591844	545908	43665	50365	588390	514559	27037	46794	3454	2244	522	373	315
B00G7LK	10499	4499	5741	24107	16368	7739	1773	591595	545718	43624	50320	588131	514632	27587	45912	3464	2208	544	362	350
B00G7LI	10517	4511	5746	24045	16310	7735	1618	591794	545900	43626	50326	588335	515301	27754	45280	3459	2185	571	365	338
B00G7LH	10545	4520	5765	23921	16210	7711	1544	591964	546015	43673	50361	588660	515893	27280	45487	3304	2191	460	344	309
B00G729	10518	4531	5724	23971	16240	7731	1861	591624	545746	43628	50332	588166	515538	27516	45112	3458	2196	529	400	333
B00G7LG	10517	4520	5734	23928	16231	7697	1822	591707	545779	43664	50377	588454	515032	26891	46531	3253	2058	503	358	334
B00G728	10511	4514	5737	24051	16355	7696	1617	591795	545886	43652	50341	588225	514785	27656	45784	3570	2283	555	380	352
B00G7LF	10504	4511	5733	24015	16289	7726	1558	591897	545965	43662	50378	588547	514570	27448	46529	3350	2114	533	363	340
B00G7LE	10498	4508	5730	23976	16289	7687	1507	591993	546057	43657	50374	588756	516079	27882	44795	3237	2039	473	373	352
B00G7LD	10534	4522	5750	23999	16277	7722	1459	591982	546040	43665	50398	588636	515510	27310	45816	3346	2166	506	341	333
B00G7LC	10504	4511	5728	24037	16331	7706	1726	591707	545801	43653	50316	588281	514697	27147	46437	3426	2238	484	349	355
B00G7LB	10506	4500	5749	24003	16297	7706	1650	591815	545914	43629	50361	588387	514295	27998	46094	3428	2167	576	360	325
B00G723	10548	4520	5760	23990	16294	7696	1552	591884	545927	43670	50364	588496	514809	27382	46305	3388	2156	558	356	318
B00G7LA	10469	4488	5720	23913	16218	7695	1903	591689	545808	43621	50354	588396	514609	27171	46616	3293	2105	509	343	336
B00G722	10443	4490	5697	23973	16234	7739	1863	591695	545822	43618	50313	588186	514584	27172	46430	3509	2330	490	366	323
B00G721	10498	4502	5734	23931	16215	7716	1879	591666	545770	43621	50323	588522	515700	27226	45596	3144	2037	436	369	302
B00G720	10518	4511	5749	23939	16226	7713	1841	591676	545778	43622	50306	588287	516001	27944	44342	3389	2176	532	387	294
B00G727	10488	4512	5721	23951	16260	7691	1875	591660	545784	43620	50351	588139	515134	27279	45726	3521	2292	490	389	350
B00G726	10467	4491	5724	24020	16299	7721	1782	591705	545839	43605	50339	588215	514891	27326	45998	3490	2299	487	381	323
B00G725	10477	4493	5732	23998	16289	7709	1765	591734	545867	43606	50334	588177	515409	26934	45834	3557	2233	581	400	343
B00G7KZ	10539	4527	5747	23954	16253	7701	1508	591973	546048	43646	50381	588538	515197	27644	45697	3435	2204	526	375	330
B00G724	10527	4523	5742	23949	16239	7710	1596	591902	545954	43672	50372	588561	515747	27926	44888	3341	2091	535	385	330
B00G7KY	10558	4521	5769	23986	16262	7724	1256	592174	546206	43693	50415	588783	515900	27477	45406	3391	2167	498	371	355
B00G72I	10531	4509	5758	24027	16314	7713	1439	591977	546036	43674	50388	588529	515040	27316	46173	3448	2194	516	379	359
B00G72K	10513	4504	5753	24018	16301	7717	1479	591964	546042	43652	50372	588474	514749	27406	46319	3490	2220	577	351	342
B00G72L	10494	4486	5753	24037	16323	7714	1671	591772	545897	43615	50343	588389	515293	27153	45943	3383	2224	513	336	310
B00G72M	10522	4516	5746	23962	16259	7703	1497	591993	546080	43646	50390	588790	516083	26907	45800	3203	2036	503	341	323
B00G72N	10468	4482	5723	23991	16275	7716	1620	591895	545976	43646	50356	588589	514919	27466	46204	3306	2092	531	341	342
B00G72O	10529	4496	5766	23988	16294	7694	1751	591706	545812	43633	50345	588350	515615	27164	45571	3356	2112	559	340	345
B00G730	10454	4475	5722	24020	16321	7699	1817	591683	545809	43608	50328	588256	515421	28025	44810	3427	2203	512	358	354
B00G72A	10557	4521	5765	23979	16266	7713	1391	592047	546110	43666	50397	588592	515163	27054	46375	3455	2216	538	351	350
B00G72B	10467	4493	5714	23977	16268	7709	1980	591550	545717	43588	50303	588097	515040	27408	45649	3453	2279	504	349	321
B00G72C	10478	4481	5738	24005	16287	7718	1637	591854	545966	43626	50376	588383	514934	27366	46083	3471	2254	538	355	324
B00G72D	10456	4481	5713	23965	16242	7723	1993	591560	545703	43600	50303	588025	514590	27342	46093	3535	2302	565	348	320
B00G72E	10516	4500	5753	24026	16306	7720	1724	591708	545839	43613	50322	588341	515063	27193	46085	3367	2207	473	357	330
B00G72F	10542	4516	5763	23951	16257	7694	1765	591716	545792	43653	50348	588320	514964	26990	46366	3396	2096	558	367	375
B00G72G	10493	4502	5733	23936	16223	7713	1874	591671	545779	43625	50360	588259	514973	28161	45125	3412	2128	531	377	376
B00G72Y	10568	4538	5771	24052	16313	7739	1393	591961	546036	43643	50366	588533	514883	27303	46347	3428	2164	536	371	357
B00G72X	10492	4508	5722	24052	16337	7715	1553	591877	545973	43643	50347	588367	515845	27833	44689	3510	2266	529	355	360
B00G739	10435	4459	5714	23908	16221	7687	2116	591515	545650	43592	50302	588117	514985	27005	46127	3398	2145	526	384	343
B00G72Z	10560	4547	5763	24045	16294	7751	1201	592168	546221	43669	50398	588699	515597	27636	45466	3469	2255	514	363	337
B00G72Q	10548	4533	5759	23945	16233	7712	1371	592110	546144	43688	50417	588660	514936	27283	46441	3450	2195	530	363	362
B00G732	10362	4441	5664	23965	16282	7683	2688	590959	545143	43554	50206	587731	515114	27191	45426	3228	2077	456	332	363
B00G72P	10476	4492	5726	24020	16300	7720	1787	591691	545801	43637	50351	588432	515325	27339	45768	3259	2073	477	393	316
B00G731	10513	4501	5750	24007	16288	7719	1805	591649	545771	43614	50300	588354	516612	27093	44649	3295	2134	437	399	325
B00G72S	10538	4511	5765	24001	16278	7723	1353	592082	546166	43644	50398	588634	515369	27498	45767	3448	2232	500	373	343
B00G734	10450	4474	5714	23983	16260	7723	1767	591774	545879	43634	50375	588338	514483	26917	46938	3436	2211	528	376	321
B00G72R	10498	4514	5729	23981	16241	7740	1612	591883	545978	43643	50361	588635	515715	27060	45860	3248	2022	509	353	364
B00G733	10532	4516	5755	24022	16312	7710	1637	591783	545848	43649	50355	588476	514920	28175	45381	3307	2056	495	381	375
B00G736	10490	4507	5720	24006	16276	7730	1747	591731	545868	43609	50352	588487	515179	27457	45851	3244	2063	512	331	338
B00G72T	10488	4500	5723	24052	16323	7729	1536	591898	545985	43654	50356	588413	516194	27493	44726	3485	2283	508	356	338
B00G735	10503	4503	5734	24035	16321	7714	1541	591895	545967	43655	50384	588482	514840	27770	45872	3413	2124	572	391	326
B00G72W	10512	4510	5741	23971	16263	7708	1578	591913	545997	43643	50382	588570	515643	27941	44986	3343	2172	505	361	305
B00G738	10499	4495	5736	23923	16253	7670	1558	591994	546039	43675	50397	588593	514885	27326	46382	3401	2113	542	407	339
B00G72V	10525	4506	5756	23982	16293	7689	1490	591977	546046	43661	50364	588616	516750	26899	44967	3361	2142	502	396	321
B00FX00	10617	4574	5778	24177	16437	7740	1766	591414	545551	43568	50321	587875	514687	27566	45622	3539	2121	680	359	379
B00FX0P	10536	4532	5745	24061	16330	7731	1749	591628	545731	43617	50337	588143	515112	27488	45543	3485	2247	564	357	317
B00FX0S	10504	4499	5745	24238	16458	7780	1721	591511	545704	43546	50318	588075	515249	27512	45314	3436	2135	606	342	353
